word,coordinations
half pizza,"53.38297,-1.4659 53.79648,-1.54785 53.79648,-1.54785 54.77560,-1.58374 54.77560,-1.58374 52.48142,-1.89983 56.46913,-2.97489 56.46913,-2.97489 55.95206,-3.19648 55.95206,-3.19648 55.95206,-3.19648 55.95206,-3.19648 55.86515,-4.25763 55.86515,-4.25763 55.86515,-4.25763 55.86515,-4.25763 55.86515,-4.25763 55.86515,-4.25763 55.86515,-4.25763 55.86515,-4.25763 55.86515,-4.25763 55.45862,-4.62849 55.45862,-4.62849 55.45862,-4.62849"